time,url,method,query_string,referer,action,comments,explanation,from_str,to_str
2018-09-07 13:28:37,/visualization_flags,GET,"article=https://en.wikipedia.org/wiki/Talk:President_of_the_United_States%23Merger_of_Commander-in-Chief_of_the_United_States_Armed_Forces&num=0&owner=Vanamonde93",None,,,,,
2018-09-07 13:28:39,/users,GET,"",http://wikum.org/visualization_flags?article=https://en.wikipedia.org/wiki/Talk:President_of_the_United_States%23Merger_of_Commander-in-Chief_of_the_United_States_Armed_Forces&num=0&owner=Vanamonde93,,,,,
2018-09-07 13:28:39,/viz_data,GET,"article=https://en.wikipedia.org/wiki/Talk:President_of_the_United_States%23Merger_of_Commander-in-Chief_of_the_United_States_Armed_Forces&sort=id&next=0&num=0&filter=&owner=Vanamonde93",http://wikum.org/visualization_flags?article=https://en.wikipedia.org/wiki/Talk:President_of_the_United_States%23Merger_of_Commander-in-Chief_of_the_United_States_Armed_Forces&num=0&owner=Vanamonde93,,,,,
2018-09-07 13:28:39,/tags_and_authors,GET,"article=https://en.wikipedia.org/wiki/Talk:President_of_the_United_States%23Merger_of_Commander-in-Chief_of_the_United_States_Armed_Forces&num=0&owner=Vanamonde93",http://wikum.org/visualization_flags?article=https://en.wikipedia.org/wiki/Talk:President_of_the_United_States%23Merger_of_Commander-in-Chief_of_the_United_States_Armed_Forces&num=0&owner=Vanamonde93,,,,,
2018-09-07 13:28:39,/get_stats,GET,"article=https://en.wikipedia.org/wiki/Talk:President_of_the_United_States%23Merger_of_Commander-in-Chief_of_the_United_States_Armed_Forces&num=0&owner=Vanamonde93",http://wikum.org/visualization_flags?article=https://en.wikipedia.org/wiki/Talk:President_of_the_United_States%23Merger_of_Commander-in-Chief_of_the_United_States_Armed_Forces&num=0&owner=Vanamonde93,,,,,
2018-09-07 13:28:49,/visualization_flags,GET,"article=https://en.wikipedia.org/wiki/Talk:President_of_the_United_States%23Merger_of_Commander-in-Chief_of_the_United_States_Armed_Forces&num=0&owner=Vanamonde93&sort=id&colorby=summarized&filter=&next=1",http://wikum.org/visualization_flags?article=https://en.wikipedia.org/wiki/Talk:President_of_the_United_States%23Merger_of_Commander-in-Chief_of_the_United_States_Armed_Forces&num=0&owner=Vanamonde93,,,,,
2018-09-07 13:28:49,/users,GET,"",http://wikum.org/visualization_flags?article=https://en.wikipedia.org/wiki/Talk:President_of_the_United_States%23Merger_of_Commander-in-Chief_of_the_United_States_Armed_Forces&num=0&owner=Vanamonde93&sort=id&colorby=summarized&filter=&next=1,,,,,
2018-09-07 13:28:49,/viz_data,GET,"article=https://en.wikipedia.org/wiki/Talk:President_of_the_United_States%23Merger_of_Commander-in-Chief_of_the_United_States_Armed_Forces&sort=id&next=1&num=0&filter=&owner=Vanamonde93",http://wikum.org/visualization_flags?article=https://en.wikipedia.org/wiki/Talk:President_of_the_United_States%23Merger_of_Commander-in-Chief_of_the_United_States_Armed_Forces&num=0&owner=Vanamonde93&sort=id&colorby=summarized&filter=&next=1,,,,,
2018-09-07 13:28:49,/tags_and_authors,GET,"article=https://en.wikipedia.org/wiki/Talk:President_of_the_United_States%23Merger_of_Commander-in-Chief_of_the_United_States_Armed_Forces&num=0&owner=Vanamonde93",http://wikum.org/visualization_flags?article=https://en.wikipedia.org/wiki/Talk:President_of_the_United_States%23Merger_of_Commander-in-Chief_of_the_United_States_Armed_Forces&num=0&owner=Vanamonde93&sort=id&colorby=summarized&filter=&next=1,,,,,
2018-09-07 13:28:50,/get_stats,GET,"article=https://en.wikipedia.org/wiki/Talk:President_of_the_United_States%23Merger_of_Commander-in-Chief_of_the_United_States_Armed_Forces&num=0&owner=Vanamonde93",http://wikum.org/visualization_flags?article=https://en.wikipedia.org/wiki/Talk:President_of_the_United_States%23Merger_of_Commander-in-Chief_of_the_United_States_Armed_Forces&num=0&owner=Vanamonde93&sort=id&colorby=summarized&filter=&next=1,,,,,
2018-09-07 13:28:51,/visualization_flags,GET,"article=https://en.wikipedia.org/wiki/Talk:President_of_the_United_States%23Merger_of_Commander-in-Chief_of_the_United_States_Armed_Forces&num=0&owner=Vanamonde93&sort=id&colorby=summarized&filter=&next=0",http://wikum.org/visualization_flags?article=https://en.wikipedia.org/wiki/Talk:President_of_the_United_States%23Merger_of_Commander-in-Chief_of_the_United_States_Armed_Forces&num=0&owner=Vanamonde93&sort=id&colorby=summarized&filter=&next=1,,,,,
2018-09-07 13:28:52,/users,GET,"",http://wikum.org/visualization_flags?article=https://en.wikipedia.org/wiki/Talk:President_of_the_United_States%23Merger_of_Commander-in-Chief_of_the_United_States_Armed_Forces&num=0&owner=Vanamonde93&sort=id&colorby=summarized&filter=&next=0,,,,,
2018-09-07 13:28:52,/viz_data,GET,"article=https://en.wikipedia.org/wiki/Talk:President_of_the_United_States%23Merger_of_Commander-in-Chief_of_the_United_States_Armed_Forces&sort=id&next=0&num=0&filter=&owner=Vanamonde93",http://wikum.org/visualization_flags?article=https://en.wikipedia.org/wiki/Talk:President_of_the_United_States%23Merger_of_Commander-in-Chief_of_the_United_States_Armed_Forces&num=0&owner=Vanamonde93&sort=id&colorby=summarized&filter=&next=0,,,,,
2018-09-07 13:28:52,/tags_and_authors,GET,"article=https://en.wikipedia.org/wiki/Talk:President_of_the_United_States%23Merger_of_Commander-in-Chief_of_the_United_States_Armed_Forces&num=0&owner=Vanamonde93",http://wikum.org/visualization_flags?article=https://en.wikipedia.org/wiki/Talk:President_of_the_United_States%23Merger_of_Commander-in-Chief_of_the_United_States_Armed_Forces&num=0&owner=Vanamonde93&sort=id&colorby=summarized&filter=&next=0,,,,,
2018-09-07 13:28:52,/get_stats,GET,"article=https://en.wikipedia.org/wiki/Talk:President_of_the_United_States%23Merger_of_Commander-in-Chief_of_the_United_States_Armed_Forces&num=0&owner=Vanamonde93",http://wikum.org/visualization_flags?article=https://en.wikipedia.org/wiki/Talk:President_of_the_United_States%23Merger_of_Commander-in-Chief_of_the_United_States_Armed_Forces&num=0&owner=Vanamonde93&sort=id&colorby=summarized&filter=&next=0,,,,,
2018-09-07 13:29:03,/cluster,GET,"article=https://en.wikipedia.org/wiki/Talk:President_of_the_United_States%23Merger_of_Commander-in-Chief_of_the_United_States_Armed_Forces&num=0&owner=Vanamonde93",http://wikum.org/visualization_flags?article=https://en.wikipedia.org/wiki/Talk:President_of_the_United_States%23Merger_of_Commander-in-Chief_of_the_United_States_Armed_Forces&num=0&owner=Vanamonde93&sort=id&colorby=summarized&filter=&next=0,,,,,
2018-09-07 13:29:03,/users,GET,"",http://wikum.org/cluster?article=https://en.wikipedia.org/wiki/Talk:President_of_the_United_States%23Merger_of_Commander-in-Chief_of_the_United_States_Armed_Forces&num=0&owner=Vanamonde93,,,,,
2018-09-07 13:29:03,/tags_and_authors,GET,"article=https://en.wikipedia.org/wiki/Talk:President_of_the_United_States%23Merger_of_Commander-in-Chief_of_the_United_States_Armed_Forces&num=0&owner=Vanamonde93",http://wikum.org/cluster?article=https://en.wikipedia.org/wiki/Talk:President_of_the_United_States%23Merger_of_Commander-in-Chief_of_the_United_States_Armed_Forces&num=0&owner=Vanamonde93,,,,,
2018-09-07 13:29:03,/get_stats,GET,"article=https://en.wikipedia.org/wiki/Talk:President_of_the_United_States%23Merger_of_Commander-in-Chief_of_the_United_States_Armed_Forces&num=0&owner=Vanamonde93",http://wikum.org/cluster?article=https://en.wikipedia.org/wiki/Talk:President_of_the_United_States%23Merger_of_Commander-in-Chief_of_the_United_States_Armed_Forces&num=0&owner=Vanamonde93,,,,,
2018-09-07 13:29:04,/cluster_data,GET,"article=https://en.wikipedia.org/wiki/Talk:President_of_the_United_States%23Merger_of_Commander-in-Chief_of_the_United_States_Armed_Forces&size=0&num=0&owner=Vanamonde93",http://wikum.org/cluster?article=https://en.wikipedia.org/wiki/Talk:President_of_the_United_States%23Merger_of_Commander-in-Chief_of_the_United_States_Armed_Forces&num=0&owner=Vanamonde93,,,,,
2018-09-07 13:29:40,,,"",,move_comment,69263 69264,Move comment,1,1
2018-09-07 13:29:40,/move_comments,POST,"",http://wikum.org/cluster?article=https://en.wikipedia.org/wiki/Talk:President_of_the_United_States%23Merger_of_Commander-in-Chief_of_the_United_States_Armed_Forces&num=0&owner=Vanamonde93,,,,,
2018-09-07 13:29:42,/visualization_flags,GET,"article=https://en.wikipedia.org/wiki/Talk:President_of_the_United_States%23Merger_of_Commander-in-Chief_of_the_United_States_Armed_Forces&num=0&owner=Vanamonde93",http://wikum.org/cluster?article=https://en.wikipedia.org/wiki/Talk:President_of_the_United_States%23Merger_of_Commander-in-Chief_of_the_United_States_Armed_Forces&num=0&owner=Vanamonde93,,,,,
2018-09-07 13:29:42,/users,GET,"",http://wikum.org/visualization_flags?article=https://en.wikipedia.org/wiki/Talk:President_of_the_United_States%23Merger_of_Commander-in-Chief_of_the_United_States_Armed_Forces&num=0&owner=Vanamonde93,,,,,
2018-09-07 13:29:42,/tags_and_authors,GET,"article=https://en.wikipedia.org/wiki/Talk:President_of_the_United_States%23Merger_of_Commander-in-Chief_of_the_United_States_Armed_Forces&num=0&owner=Vanamonde93",http://wikum.org/visualization_flags?article=https://en.wikipedia.org/wiki/Talk:President_of_the_United_States%23Merger_of_Commander-in-Chief_of_the_United_States_Armed_Forces&num=0&owner=Vanamonde93,,,,,
2018-09-07 13:29:42,/viz_data,GET,"article=https://en.wikipedia.org/wiki/Talk:President_of_the_United_States%23Merger_of_Commander-in-Chief_of_the_United_States_Armed_Forces&sort=id&next=0&num=0&filter=&owner=Vanamonde93",http://wikum.org/visualization_flags?article=https://en.wikipedia.org/wiki/Talk:President_of_the_United_States%23Merger_of_Commander-in-Chief_of_the_United_States_Armed_Forces&num=0&owner=Vanamonde93,,,,,
2018-09-07 13:29:42,/get_stats,GET,"article=https://en.wikipedia.org/wiki/Talk:President_of_the_United_States%23Merger_of_Commander-in-Chief_of_the_United_States_Armed_Forces&num=0&owner=Vanamonde93",http://wikum.org/visualization_flags?article=https://en.wikipedia.org/wiki/Talk:President_of_the_United_States%23Merger_of_Commander-in-Chief_of_the_United_States_Armed_Forces&num=0&owner=Vanamonde93,,,,,
2018-09-07 13:32:11,/log_data,GET,"data=open_summarize_one_modal&did=69190&type=summarize_one",http://wikum.org/visualization_flags?article=https://en.wikipedia.org/wiki/Talk:President_of_the_United_States%23Merger_of_Commander-in-Chief_of_the_United_States_Armed_Forces&num=0&owner=Vanamonde93,,,,,
2018-09-07 13:32:41,,,"",,edit_sum,69190,edit summary,1,1
2018-09-07 13:32:41,/summarize_comment,POST,"",http://wikum.org/visualization_flags?article=https://en.wikipedia.org/wiki/Talk:President_of_the_United_States%23Merger_of_Commander-in-Chief_of_the_United_States_Armed_Forces&num=0&owner=Vanamonde93,,,,,
2018-09-07 13:32:41,/log_data,GET,"data=close_summarize_one_modal",http://wikum.org/visualization_flags?article=https://en.wikipedia.org/wiki/Talk:President_of_the_United_States%23Merger_of_Commander-in-Chief_of_the_United_States_Armed_Forces&num=0&owner=Vanamonde93,,,,,
2018-09-07 13:32:48,/log_data,GET,"data=open_hide_comment_modal&did=69191&type=hide_comment",http://wikum.org/visualization_flags?article=https://en.wikipedia.org/wiki/Talk:President_of_the_United_States%23Merger_of_Commander-in-Chief_of_the_United_States_Armed_Forces&num=0&owner=Vanamonde93,,,,,
2018-09-07 13:32:58,/hide_comment,POST,"",http://wikum.org/visualization_flags?article=https://en.wikipedia.org/wiki/Talk:President_of_the_United_States%23Merger_of_Commander-in-Chief_of_the_United_States_Armed_Forces&num=0&owner=Vanamonde93,,,,,
2018-09-07 13:32:59,,,"",,hide_comment,69191,Summarized above.,1,1
2018-09-07 13:32:59,/log_data,GET,"data=close_hide_comment_modal",http://wikum.org/visualization_flags?article=https://en.wikipedia.org/wiki/Talk:President_of_the_United_States%23Merger_of_Commander-in-Chief_of_the_United_States_Armed_Forces&num=0&owner=Vanamonde93,,,,,
2018-09-07 13:33:06,/log_data,GET,"data=open_summarize_multiple_modal&did=69192&type=summarize",http://wikum.org/visualization_flags?article=https://en.wikipedia.org/wiki/Talk:President_of_the_United_States%23Merger_of_Commander-in-Chief_of_the_United_States_Armed_Forces&num=0&owner=Vanamonde93,,,,,
2018-09-07 13:33:15,/log_data,GET,"data=close_summarize_multiple_modal",http://wikum.org/visualization_flags?article=https://en.wikipedia.org/wiki/Talk:President_of_the_United_States%23Merger_of_Commander-in-Chief_of_the_United_States_Armed_Forces&num=0&owner=Vanamonde93,,,,,
2018-09-07 13:35:14,/log_data,GET,"data=open_summarize_one_modal&did=69192&type=summarize_one",http://wikum.org/visualization_flags?article=https://en.wikipedia.org/wiki/Talk:President_of_the_United_States%23Merger_of_Commander-in-Chief_of_the_United_States_Armed_Forces&num=0&owner=Vanamonde93,,,,,
2018-09-07 13:35:36,,,"",,edit_sum,69192,edit summary,1,1
2018-09-07 13:35:36,/summarize_comment,POST,"",http://wikum.org/visualization_flags?article=https://en.wikipedia.org/wiki/Talk:President_of_the_United_States%23Merger_of_Commander-in-Chief_of_the_United_States_Armed_Forces&num=0&owner=Vanamonde93,,,,,
2018-09-07 13:35:36,/log_data,GET,"data=close_summarize_one_modal",http://wikum.org/visualization_flags?article=https://en.wikipedia.org/wiki/Talk:President_of_the_United_States%23Merger_of_Commander-in-Chief_of_the_United_States_Armed_Forces&num=0&owner=Vanamonde93,,,,,
2018-09-07 13:35:53,/log_data,GET,"data=open_summarize_one_modal&did=69193&type=summarize_one",http://wikum.org/visualization_flags?article=https://en.wikipedia.org/wiki/Talk:President_of_the_United_States%23Merger_of_Commander-in-Chief_of_the_United_States_Armed_Forces&num=0&owner=Vanamonde93,,,,,
2018-09-07 13:36:01,/summarize_comment,POST,"",http://wikum.org/visualization_flags?article=https://en.wikipedia.org/wiki/Talk:President_of_the_United_States%23Merger_of_Commander-in-Chief_of_the_United_States_Armed_Forces&num=0&owner=Vanamonde93,,,,,
2018-09-07 13:36:01,/log_data,GET,"data=close_summarize_one_modal",http://wikum.org/visualization_flags?article=https://en.wikipedia.org/wiki/Talk:President_of_the_United_States%23Merger_of_Commander-in-Chief_of_the_United_States_Armed_Forces&num=0&owner=Vanamonde93,,,,,
2018-09-07 13:36:02,,,"",,edit_sum,69193,edit summary,1,1
2018-09-07 13:37:36,/log_data,GET,"data=open_hide_comment_modal&did=69194&type=hide_replies",http://wikum.org/visualization_flags?article=https://en.wikipedia.org/wiki/Talk:President_of_the_United_States%23Merger_of_Commander-in-Chief_of_the_United_States_Armed_Forces&num=0&owner=Vanamonde93,,,,,
2018-09-07 13:37:39,/log_data,GET,"data=close_hide_comment_modal",http://wikum.org/visualization_flags?article=https://en.wikipedia.org/wiki/Talk:President_of_the_United_States%23Merger_of_Commander-in-Chief_of_the_United_States_Armed_Forces&num=0&owner=Vanamonde93,,,,,
2018-09-07 13:38:07,/log_data,GET,"data=open_summarize_one_modal&did=69194&type=summarize_one",http://wikum.org/visualization_flags?article=https://en.wikipedia.org/wiki/Talk:President_of_the_United_States%23Merger_of_Commander-in-Chief_of_the_United_States_Armed_Forces&num=0&owner=Vanamonde93,,,,,
2018-09-07 13:38:17,/summarize_comment,POST,"",http://wikum.org/visualization_flags?article=https://en.wikipedia.org/wiki/Talk:President_of_the_United_States%23Merger_of_Commander-in-Chief_of_the_United_States_Armed_Forces&num=0&owner=Vanamonde93,,,,,
2018-09-07 13:38:18,,,"",,edit_sum,69194,edit summary,1,1
2018-09-07 13:38:18,/log_data,GET,"data=close_summarize_one_modal",http://wikum.org/visualization_flags?article=https://en.wikipedia.org/wiki/Talk:President_of_the_United_States%23Merger_of_Commander-in-Chief_of_the_United_States_Armed_Forces&num=0&owner=Vanamonde93,,,,,
2018-09-07 13:42:55,/log_data,GET,"data=open_summarize_one_modal&did=69195&type=summarize_one",http://wikum.org/visualization_flags?article=https://en.wikipedia.org/wiki/Talk:President_of_the_United_States%23Merger_of_Commander-in-Chief_of_the_United_States_Armed_Forces&num=0&owner=Vanamonde93,,,,,
2018-09-07 13:43:08,,,"",,edit_sum,69195,edit summary,1,1
2018-09-07 13:43:08,/summarize_comment,POST,"",http://wikum.org/visualization_flags?article=https://en.wikipedia.org/wiki/Talk:President_of_the_United_States%23Merger_of_Commander-in-Chief_of_the_United_States_Armed_Forces&num=0&owner=Vanamonde93,,,,,
2018-09-07 13:43:08,/log_data,GET,"data=close_summarize_one_modal",http://wikum.org/visualization_flags?article=https://en.wikipedia.org/wiki/Talk:President_of_the_United_States%23Merger_of_Commander-in-Chief_of_the_United_States_Armed_Forces&num=0&owner=Vanamonde93,,,,,
2018-09-07 13:43:27,/log_data,GET,"data=open_tag_modal&did=69196&type=tag_one",http://wikum.org/visualization_flags?article=https://en.wikipedia.org/wiki/Talk:President_of_the_United_States%23Merger_of_Commander-in-Chief_of_the_United_States_Armed_Forces&num=0&owner=Vanamonde93,,,,,
2018-09-07 13:43:27,/tags,GET,"article=https://en.wikipedia.org/wiki/Talk:President_of_the_United_States%23Merger_of_Commander-in-Chief_of_the_United_States_Armed_Forces&num=0&owner=Vanamonde93",http://wikum.org/visualization_flags?article=https://en.wikipedia.org/wiki/Talk:President_of_the_United_States%23Merger_of_Commander-in-Chief_of_the_United_States_Armed_Forces&num=0&owner=Vanamonde93,,,,,
2018-09-07 13:43:28,/suggested_tags,POST,"",http://wikum.org/visualization_flags?article=https://en.wikipedia.org/wiki/Talk:President_of_the_United_States%23Merger_of_Commander-in-Chief_of_the_United_States_Armed_Forces&num=0&owner=Vanamonde93,,,,,
2018-09-07 13:43:35,/log_data,GET,"data=open_summarize_one_modal&did=69196&type=summarize_one",http://wikum.org/visualization_flags?article=https://en.wikipedia.org/wiki/Talk:President_of_the_United_States%23Merger_of_Commander-in-Chief_of_the_United_States_Armed_Forces&num=0&owner=Vanamonde93,,,,,
2018-09-07 13:43:43,,,"",,edit_sum,69196,edit summary,1,1
2018-09-07 13:43:43,/summarize_comment,POST,"",http://wikum.org/visualization_flags?article=https://en.wikipedia.org/wiki/Talk:President_of_the_United_States%23Merger_of_Commander-in-Chief_of_the_United_States_Armed_Forces&num=0&owner=Vanamonde93,,,,,
2018-09-07 13:43:43,/log_data,GET,"data=close_summarize_one_modal",http://wikum.org/visualization_flags?article=https://en.wikipedia.org/wiki/Talk:President_of_the_United_States%23Merger_of_Commander-in-Chief_of_the_United_States_Armed_Forces&num=0&owner=Vanamonde93,,,,,
2018-09-07 13:43:45,/author_info,GET,"username=Thewolfchild&article=https%3A%2F%2Fen.wikipedia.org%2Fwiki%2FTalk%3APresident_of_the_United_States%2523Merger_of_Commander-in-Chief_of_the_United_States_Armed_Forces&num=0&owner=Vanamonde93",http://wikum.org/visualization_flags?article=https://en.wikipedia.org/wiki/Talk:President_of_the_United_States%23Merger_of_Commander-in-Chief_of_the_United_States_Armed_Forces&num=0&owner=Vanamonde93,,,,,
2018-09-07 13:43:45,/author_info,GET,"username=Thewolfchild&article=https%3A%2F%2Fen.wikipedia.org%2Fwiki%2FTalk%3APresident_of_the_United_States%2523Merger_of_Commander-in-Chief_of_the_United_States_Armed_Forces&num=0&owner=Vanamonde93",http://wikum.org/visualization_flags?article=https://en.wikipedia.org/wiki/Talk:President_of_the_United_States%23Merger_of_Commander-in-Chief_of_the_United_States_Armed_Forces&num=0&owner=Vanamonde93,,,,,
2018-09-07 13:43:46,/author_info,GET,"username=Thewolfchild&article=https%3A%2F%2Fen.wikipedia.org%2Fwiki%2FTalk%3APresident_of_the_United_States%2523Merger_of_Commander-in-Chief_of_the_United_States_Armed_Forces&num=0&owner=Vanamonde93",http://wikum.org/visualization_flags?article=https://en.wikipedia.org/wiki/Talk:President_of_the_United_States%23Merger_of_Commander-in-Chief_of_the_United_States_Armed_Forces&num=0&owner=Vanamonde93,,,,,
2018-09-07 13:43:46,/author_info,GET,"username=Thewolfchild&article=https%3A%2F%2Fen.wikipedia.org%2Fwiki%2FTalk%3APresident_of_the_United_States%2523Merger_of_Commander-in-Chief_of_the_United_States_Armed_Forces&num=0&owner=Vanamonde93",http://wikum.org/visualization_flags?article=https://en.wikipedia.org/wiki/Talk:President_of_the_United_States%23Merger_of_Commander-in-Chief_of_the_United_States_Armed_Forces&num=0&owner=Vanamonde93,,,,,
2018-09-07 13:43:50,/log_data,GET,"data=open_hide_comment_modal&did=69197&type=hide_comment",http://wikum.org/visualization_flags?article=https://en.wikipedia.org/wiki/Talk:President_of_the_United_States%23Merger_of_Commander-in-Chief_of_the_United_States_Armed_Forces&num=0&owner=Vanamonde93,,,,,
2018-09-07 13:43:55,,,"",,hide_comment,69197,Unimportant,1,1
2018-09-07 13:43:55,/hide_comment,POST,"",http://wikum.org/visualization_flags?article=https://en.wikipedia.org/wiki/Talk:President_of_the_United_States%23Merger_of_Commander-in-Chief_of_the_United_States_Armed_Forces&num=0&owner=Vanamonde93,,,,,
2018-09-07 13:43:55,/log_data,GET,"data=close_hide_comment_modal",http://wikum.org/visualization_flags?article=https://en.wikipedia.org/wiki/Talk:President_of_the_United_States%23Merger_of_Commander-in-Chief_of_the_United_States_Armed_Forces&num=0&owner=Vanamonde93,,,,,
2018-09-07 13:43:58,/author_info,GET,"username=Thewolfchild&article=https%3A%2F%2Fen.wikipedia.org%2Fwiki%2FTalk%3APresident_of_the_United_States%2523Merger_of_Commander-in-Chief_of_the_United_States_Armed_Forces&num=0&owner=Vanamonde93",http://wikum.org/visualization_flags?article=https://en.wikipedia.org/wiki/Talk:President_of_the_United_States%23Merger_of_Commander-in-Chief_of_the_United_States_Armed_Forces&num=0&owner=Vanamonde93,,,,,
2018-09-07 13:43:58,/author_info,GET,"username=Thewolfchild&article=https%3A%2F%2Fen.wikipedia.org%2Fwiki%2FTalk%3APresident_of_the_United_States%2523Merger_of_Commander-in-Chief_of_the_United_States_Armed_Forces&num=0&owner=Vanamonde93",http://wikum.org/visualization_flags?article=https://en.wikipedia.org/wiki/Talk:President_of_the_United_States%23Merger_of_Commander-in-Chief_of_the_United_States_Armed_Forces&num=0&owner=Vanamonde93,,,,,
2018-09-07 13:43:58,/author_info,GET,"username=Thewolfchild&article=https%3A%2F%2Fen.wikipedia.org%2Fwiki%2FTalk%3APresident_of_the_United_States%2523Merger_of_Commander-in-Chief_of_the_United_States_Armed_Forces&num=0&owner=Vanamonde93",http://wikum.org/visualization_flags?article=https://en.wikipedia.org/wiki/Talk:President_of_the_United_States%23Merger_of_Commander-in-Chief_of_the_United_States_Armed_Forces&num=0&owner=Vanamonde93,,,,,
2018-09-07 13:43:58,/author_info,GET,"username=Thewolfchild&article=https%3A%2F%2Fen.wikipedia.org%2Fwiki%2FTalk%3APresident_of_the_United_States%2523Merger_of_Commander-in-Chief_of_the_United_States_Armed_Forces&num=0&owner=Vanamonde93",http://wikum.org/visualization_flags?article=https://en.wikipedia.org/wiki/Talk:President_of_the_United_States%23Merger_of_Commander-in-Chief_of_the_United_States_Armed_Forces&num=0&owner=Vanamonde93,,,,,
2018-09-07 13:44:29,/log_data,GET,"data=open_summarize_one_modal&did=69199&type=summarize_one",http://wikum.org/visualization_flags?article=https://en.wikipedia.org/wiki/Talk:President_of_the_United_States%23Merger_of_Commander-in-Chief_of_the_United_States_Armed_Forces&num=0&owner=Vanamonde93,,,,,
2018-09-07 13:45:02,,,"",,edit_sum,69199,edit summary,1,1
2018-09-07 13:45:02,/summarize_comment,POST,"",http://wikum.org/visualization_flags?article=https://en.wikipedia.org/wiki/Talk:President_of_the_United_States%23Merger_of_Commander-in-Chief_of_the_United_States_Armed_Forces&num=0&owner=Vanamonde93,,,,,
2018-09-07 13:45:02,/log_data,GET,"data=close_summarize_one_modal",http://wikum.org/visualization_flags?article=https://en.wikipedia.org/wiki/Talk:President_of_the_United_States%23Merger_of_Commander-in-Chief_of_the_United_States_Armed_Forces&num=0&owner=Vanamonde93,,,,,
2018-09-07 13:45:19,/log_data,GET,"data=open_summarize_one_modal&did=69200&type=summarize_one",http://wikum.org/visualization_flags?article=https://en.wikipedia.org/wiki/Talk:President_of_the_United_States%23Merger_of_Commander-in-Chief_of_the_United_States_Armed_Forces&num=0&owner=Vanamonde93,,,,,
2018-09-07 13:45:27,,,"",,edit_sum,69200,edit summary,1,1
2018-09-07 13:45:27,/summarize_comment,POST,"",http://wikum.org/visualization_flags?article=https://en.wikipedia.org/wiki/Talk:President_of_the_United_States%23Merger_of_Commander-in-Chief_of_the_United_States_Armed_Forces&num=0&owner=Vanamonde93,,,,,
2018-09-07 13:45:27,/log_data,GET,"data=close_summarize_one_modal",http://wikum.org/visualization_flags?article=https://en.wikipedia.org/wiki/Talk:President_of_the_United_States%23Merger_of_Commander-in-Chief_of_the_United_States_Armed_Forces&num=0&owner=Vanamonde93,,,,,
2018-09-07 13:45:43,/log_data,GET,"data=open_hide_comment_modal&did=69201&type=hide_comment",http://wikum.org/visualization_flags?article=https://en.wikipedia.org/wiki/Talk:President_of_the_United_States%23Merger_of_Commander-in-Chief_of_the_United_States_Armed_Forces&num=0&owner=Vanamonde93,,,,,
2018-09-07 13:45:51,,,"",,hide_comment,69201,repetition,1,1
2018-09-07 13:45:51,/hide_comment,POST,"",http://wikum.org/visualization_flags?article=https://en.wikipedia.org/wiki/Talk:President_of_the_United_States%23Merger_of_Commander-in-Chief_of_the_United_States_Armed_Forces&num=0&owner=Vanamonde93,,,,,
2018-09-07 13:45:51,/log_data,GET,"data=close_hide_comment_modal",http://wikum.org/visualization_flags?article=https://en.wikipedia.org/wiki/Talk:President_of_the_United_States%23Merger_of_Commander-in-Chief_of_the_United_States_Armed_Forces&num=0&owner=Vanamonde93,,,,,
2018-09-07 13:50:29,/log_data,GET,"data=open_summarize_one_modal&did=69202&type=summarize_one",http://wikum.org/visualization_flags?article=https://en.wikipedia.org/wiki/Talk:President_of_the_United_States%23Merger_of_Commander-in-Chief_of_the_United_States_Armed_Forces&num=0&owner=Vanamonde93,,,,,
2018-09-07 13:50:40,,,"",,edit_sum,69202,edit summary,1,1
2018-09-07 13:50:40,/summarize_comment,POST,"",http://wikum.org/visualization_flags?article=https://en.wikipedia.org/wiki/Talk:President_of_the_United_States%23Merger_of_Commander-in-Chief_of_the_United_States_Armed_Forces&num=0&owner=Vanamonde93,,,,,
2018-09-07 13:50:40,/log_data,GET,"data=close_summarize_one_modal",http://wikum.org/visualization_flags?article=https://en.wikipedia.org/wiki/Talk:President_of_the_United_States%23Merger_of_Commander-in-Chief_of_the_United_States_Armed_Forces&num=0&owner=Vanamonde93,,,,,
2018-09-07 13:51:06,/log_data,GET,"data=open_hide_comment_modal&did=69203&type=hide_comment",http://wikum.org/visualization_flags?article=https://en.wikipedia.org/wiki/Talk:President_of_the_United_States%23Merger_of_Commander-in-Chief_of_the_United_States_Armed_Forces&num=0&owner=Vanamonde93,,,,,
2018-09-07 13:51:13,,,"",,hide_comment,69203,repetition,1,1
2018-09-07 13:51:13,/hide_comment,POST,"",http://wikum.org/visualization_flags?article=https://en.wikipedia.org/wiki/Talk:President_of_the_United_States%23Merger_of_Commander-in-Chief_of_the_United_States_Armed_Forces&num=0&owner=Vanamonde93,,,,,
2018-09-07 13:51:13,/log_data,GET,"data=close_hide_comment_modal",http://wikum.org/visualization_flags?article=https://en.wikipedia.org/wiki/Talk:President_of_the_United_States%23Merger_of_Commander-in-Chief_of_the_United_States_Armed_Forces&num=0&owner=Vanamonde93,,,,,
2018-09-07 13:51:32,/log_data,GET,"data=open_summarize_one_modal&did=69204&type=summarize_one",http://wikum.org/visualization_flags?article=https://en.wikipedia.org/wiki/Talk:President_of_the_United_States%23Merger_of_Commander-in-Chief_of_the_United_States_Armed_Forces&num=0&owner=Vanamonde93,,,,,
2018-09-07 13:51:42,/summarize_comment,POST,"",http://wikum.org/visualization_flags?article=https://en.wikipedia.org/wiki/Talk:President_of_the_United_States%23Merger_of_Commander-in-Chief_of_the_United_States_Armed_Forces&num=0&owner=Vanamonde93,,,,,
2018-09-07 13:51:43,,,"",,edit_sum,69204,edit summary,1,1
2018-09-07 13:51:43,/log_data,GET,"data=close_summarize_one_modal",http://wikum.org/visualization_flags?article=https://en.wikipedia.org/wiki/Talk:President_of_the_United_States%23Merger_of_Commander-in-Chief_of_the_United_States_Armed_Forces&num=0&owner=Vanamonde93,,,,,
2018-09-07 13:51:49,/log_data,GET,"data=open_summarize_one_modal&did=69204&type=edit_summarize_one",http://wikum.org/visualization_flags?article=https://en.wikipedia.org/wiki/Talk:President_of_the_United_States%23Merger_of_Commander-in-Chief_of_the_United_States_Armed_Forces&num=0&owner=Vanamonde93,,,,,
2018-09-07 13:52:03,,,"",,edit_sum,69204,edit summary,1,1
2018-09-07 13:52:03,/summarize_comment,POST,"",http://wikum.org/visualization_flags?article=https://en.wikipedia.org/wiki/Talk:President_of_the_United_States%23Merger_of_Commander-in-Chief_of_the_United_States_Armed_Forces&num=0&owner=Vanamonde93,,,,,
2018-09-07 13:52:03,/log_data,GET,"data=close_summarize_one_modal",http://wikum.org/visualization_flags?article=https://en.wikipedia.org/wiki/Talk:President_of_the_United_States%23Merger_of_Commander-in-Chief_of_the_United_States_Armed_Forces&num=0&owner=Vanamonde93,,,,,
2018-09-07 13:56:29,/log_data,GET,"data=open_summarize_one_modal&did=69205&type=summarize_one",http://wikum.org/visualization_flags?article=https://en.wikipedia.org/wiki/Talk:President_of_the_United_States%23Merger_of_Commander-in-Chief_of_the_United_States_Armed_Forces&num=0&owner=Vanamonde93,,,,,
2018-09-07 13:56:47,,,"",,edit_sum,69205,edit summary,1,1
2018-09-07 13:56:47,/summarize_comment,POST,"",http://wikum.org/visualization_flags?article=https://en.wikipedia.org/wiki/Talk:President_of_the_United_States%23Merger_of_Commander-in-Chief_of_the_United_States_Armed_Forces&num=0&owner=Vanamonde93,,,,,
2018-09-07 13:56:47,/log_data,GET,"data=close_summarize_one_modal",http://wikum.org/visualization_flags?article=https://en.wikipedia.org/wiki/Talk:President_of_the_United_States%23Merger_of_Commander-in-Chief_of_the_United_States_Armed_Forces&num=0&owner=Vanamonde93,,,,,
2018-09-07 13:56:59,/log_data,GET,"data=open_summarize_one_modal&did=69206&type=summarize_one",http://wikum.org/visualization_flags?article=https://en.wikipedia.org/wiki/Talk:President_of_the_United_States%23Merger_of_Commander-in-Chief_of_the_United_States_Armed_Forces&num=0&owner=Vanamonde93,,,,,
2018-09-07 13:57:07,,,"",,edit_sum,69206,edit summary,1,1
2018-09-07 13:57:07,/summarize_comment,POST,"",http://wikum.org/visualization_flags?article=https://en.wikipedia.org/wiki/Talk:President_of_the_United_States%23Merger_of_Commander-in-Chief_of_the_United_States_Armed_Forces&num=0&owner=Vanamonde93,,,,,
2018-09-07 13:57:07,/log_data,GET,"data=close_summarize_one_modal",http://wikum.org/visualization_flags?article=https://en.wikipedia.org/wiki/Talk:President_of_the_United_States%23Merger_of_Commander-in-Chief_of_the_United_States_Armed_Forces&num=0&owner=Vanamonde93,,,,,
2018-09-07 13:57:15,/log_data,GET,"data=open_summarize_one_modal&did=69207&type=summarize_one",http://wikum.org/visualization_flags?article=https://en.wikipedia.org/wiki/Talk:President_of_the_United_States%23Merger_of_Commander-in-Chief_of_the_United_States_Armed_Forces&num=0&owner=Vanamonde93,,,,,
2018-09-07 13:57:28,,,"",,edit_sum,69207,edit summary,1,1
2018-09-07 13:57:28,/summarize_comment,POST,"",http://wikum.org/visualization_flags?article=https://en.wikipedia.org/wiki/Talk:President_of_the_United_States%23Merger_of_Commander-in-Chief_of_the_United_States_Armed_Forces&num=0&owner=Vanamonde93,,,,,
2018-09-07 13:57:28,/log_data,GET,"data=close_summarize_one_modal",http://wikum.org/visualization_flags?article=https://en.wikipedia.org/wiki/Talk:President_of_the_United_States%23Merger_of_Commander-in-Chief_of_the_United_States_Armed_Forces&num=0&owner=Vanamonde93,,,,,
2018-09-07 13:57:41,/log_data,GET,"data=open_summarize_one_modal&did=69208&type=summarize_one",http://wikum.org/visualization_flags?article=https://en.wikipedia.org/wiki/Talk:President_of_the_United_States%23Merger_of_Commander-in-Chief_of_the_United_States_Armed_Forces&num=0&owner=Vanamonde93,,,,,
2018-09-07 13:58:03,/log_data,GET,"data=close_summarize_one_modal",http://wikum.org/visualization_flags?article=https://en.wikipedia.org/wiki/Talk:President_of_the_United_States%23Merger_of_Commander-in-Chief_of_the_United_States_Armed_Forces&num=0&owner=Vanamonde93,,,,,
2018-09-07 13:58:08,/log_data,GET,"data=open_hide_comment_modal&did=69208&type=hide_comment",http://wikum.org/visualization_flags?article=https://en.wikipedia.org/wiki/Talk:President_of_the_United_States%23Merger_of_Commander-in-Chief_of_the_United_States_Armed_Forces&num=0&owner=Vanamonde93,,,,,
2018-09-07 13:58:15,,,"",,hide_comment,69208,repetition,1,1
2018-09-07 13:58:15,/hide_comment,POST,"",http://wikum.org/visualization_flags?article=https://en.wikipedia.org/wiki/Talk:President_of_the_United_States%23Merger_of_Commander-in-Chief_of_the_United_States_Armed_Forces&num=0&owner=Vanamonde93,,,,,
2018-09-07 13:58:15,/log_data,GET,"data=close_hide_comment_modal",http://wikum.org/visualization_flags?article=https://en.wikipedia.org/wiki/Talk:President_of_the_United_States%23Merger_of_Commander-in-Chief_of_the_United_States_Armed_Forces&num=0&owner=Vanamonde93,,,,,
2018-09-07 13:58:22,/log_data,GET,"data=open_summarize_one_modal&did=69209&type=summarize_one",http://wikum.org/visualization_flags?article=https://en.wikipedia.org/wiki/Talk:President_of_the_United_States%23Merger_of_Commander-in-Chief_of_the_United_States_Armed_Forces&num=0&owner=Vanamonde93,,,,,
2018-09-07 13:58:35,,,"",,edit_sum,69209,edit summary,1,1
2018-09-07 13:58:35,/summarize_comment,POST,"",http://wikum.org/visualization_flags?article=https://en.wikipedia.org/wiki/Talk:President_of_the_United_States%23Merger_of_Commander-in-Chief_of_the_United_States_Armed_Forces&num=0&owner=Vanamonde93,,,,,
2018-09-07 13:58:35,/log_data,GET,"data=close_summarize_one_modal",http://wikum.org/visualization_flags?article=https://en.wikipedia.org/wiki/Talk:President_of_the_United_States%23Merger_of_Commander-in-Chief_of_the_United_States_Armed_Forces&num=0&owner=Vanamonde93,,,,,
2018-09-07 14:03:16,/log_data,GET,"data=open_hide_comment_modal&did=69210&type=hide_comment",http://wikum.org/visualization_flags?article=https://en.wikipedia.org/wiki/Talk:President_of_the_United_States%23Merger_of_Commander-in-Chief_of_the_United_States_Armed_Forces&num=0&owner=Vanamonde93,,,,,
2018-09-07 14:03:22,,,"",,hide_comment,69210,repetition,1,1
2018-09-07 14:03:22,/hide_comment,POST,"",http://wikum.org/visualization_flags?article=https://en.wikipedia.org/wiki/Talk:President_of_the_United_States%23Merger_of_Commander-in-Chief_of_the_United_States_Armed_Forces&num=0&owner=Vanamonde93,,,,,
2018-09-07 14:03:22,/log_data,GET,"data=close_hide_comment_modal",http://wikum.org/visualization_flags?article=https://en.wikipedia.org/wiki/Talk:President_of_the_United_States%23Merger_of_Commander-in-Chief_of_the_United_States_Armed_Forces&num=0&owner=Vanamonde93,,,,,
2018-09-07 14:03:44,/log_data,GET,"data=open_summarize_one_modal&did=69211&type=summarize_one",http://wikum.org/visualization_flags?article=https://en.wikipedia.org/wiki/Talk:President_of_the_United_States%23Merger_of_Commander-in-Chief_of_the_United_States_Armed_Forces&num=0&owner=Vanamonde93,,,,,
2018-09-07 14:03:50,,,"",,edit_sum,69211,edit summary,1,1
2018-09-07 14:03:50,/summarize_comment,POST,"",http://wikum.org/visualization_flags?article=https://en.wikipedia.org/wiki/Talk:President_of_the_United_States%23Merger_of_Commander-in-Chief_of_the_United_States_Armed_Forces&num=0&owner=Vanamonde93,,,,,
2018-09-07 14:03:50,/log_data,GET,"data=close_summarize_one_modal",http://wikum.org/visualization_flags?article=https://en.wikipedia.org/wiki/Talk:President_of_the_United_States%23Merger_of_Commander-in-Chief_of_the_United_States_Armed_Forces&num=0&owner=Vanamonde93,,,,,
2018-09-07 14:03:53,/log_data,GET,"data=open_summarize_one_modal&did=69212&type=summarize_one",http://wikum.org/visualization_flags?article=https://en.wikipedia.org/wiki/Talk:President_of_the_United_States%23Merger_of_Commander-in-Chief_of_the_United_States_Armed_Forces&num=0&owner=Vanamonde93,,,,,
2018-09-07 14:04:00,,,"",,edit_sum,69212,edit summary,1,1
2018-09-07 14:04:00,/summarize_comment,POST,"",http://wikum.org/visualization_flags?article=https://en.wikipedia.org/wiki/Talk:President_of_the_United_States%23Merger_of_Commander-in-Chief_of_the_United_States_Armed_Forces&num=0&owner=Vanamonde93,,,,,
2018-09-07 14:04:00,/log_data,GET,"data=close_summarize_one_modal",http://wikum.org/visualization_flags?article=https://en.wikipedia.org/wiki/Talk:President_of_the_United_States%23Merger_of_Commander-in-Chief_of_the_United_States_Armed_Forces&num=0&owner=Vanamonde93,,,,,
2018-09-07 14:10:27,/log_data,GET,"data=open_summarize_one_modal&did=69213&type=summarize_one",http://wikum.org/visualization_flags?article=https://en.wikipedia.org/wiki/Talk:President_of_the_United_States%23Merger_of_Commander-in-Chief_of_the_United_States_Armed_Forces&num=0&owner=Vanamonde93,,,,,
2018-09-07 14:10:33,,,"",,edit_sum,69213,edit summary,1,1
2018-09-07 14:10:33,/summarize_comment,POST,"",http://wikum.org/visualization_flags?article=https://en.wikipedia.org/wiki/Talk:President_of_the_United_States%23Merger_of_Commander-in-Chief_of_the_United_States_Armed_Forces&num=0&owner=Vanamonde93,,,,,
2018-09-07 14:10:33,/log_data,GET,"data=close_summarize_one_modal",http://wikum.org/visualization_flags?article=https://en.wikipedia.org/wiki/Talk:President_of_the_United_States%23Merger_of_Commander-in-Chief_of_the_United_States_Armed_Forces&num=0&owner=Vanamonde93,,,,,
2018-09-07 14:10:56,/log_data,GET,"data=open_summarize_one_modal&did=69190&type=edit_summarize_one",http://wikum.org/visualization_flags?article=https://en.wikipedia.org/wiki/Talk:President_of_the_United_States%23Merger_of_Commander-in-Chief_of_the_United_States_Armed_Forces&num=0&owner=Vanamonde93,,,,,
2018-09-07 14:11:03,,,"",,edit_sum,69190,edit summary,1,1
2018-09-07 14:11:03,/summarize_comment,POST,"",http://wikum.org/visualization_flags?article=https://en.wikipedia.org/wiki/Talk:President_of_the_United_States%23Merger_of_Commander-in-Chief_of_the_United_States_Armed_Forces&num=0&owner=Vanamonde93,,,,,
2018-09-07 14:11:03,/log_data,GET,"data=close_summarize_one_modal",http://wikum.org/visualization_flags?article=https://en.wikipedia.org/wiki/Talk:President_of_the_United_States%23Merger_of_Commander-in-Chief_of_the_United_States_Armed_Forces&num=0&owner=Vanamonde93,,,,,
2018-09-07 14:11:11,/log_data,GET,"data=open_summarize_one_modal&did=69192&type=edit_summarize_one",http://wikum.org/visualization_flags?article=https://en.wikipedia.org/wiki/Talk:President_of_the_United_States%23Merger_of_Commander-in-Chief_of_the_United_States_Armed_Forces&num=0&owner=Vanamonde93,,,,,
2018-09-07 14:11:17,,,"",,edit_sum,69192,edit summary,1,1
2018-09-07 14:11:17,/summarize_comment,POST,"",http://wikum.org/visualization_flags?article=https://en.wikipedia.org/wiki/Talk:President_of_the_United_States%23Merger_of_Commander-in-Chief_of_the_United_States_Armed_Forces&num=0&owner=Vanamonde93,,,,,
2018-09-07 14:11:17,/log_data,GET,"data=close_summarize_one_modal",http://wikum.org/visualization_flags?article=https://en.wikipedia.org/wiki/Talk:President_of_the_United_States%23Merger_of_Commander-in-Chief_of_the_United_States_Armed_Forces&num=0&owner=Vanamonde93,,,,,
2018-09-07 14:13:09,/log_data,GET,"data=open_summarize_one_modal&did=69199&type=edit_summarize_one",http://wikum.org/visualization_flags?article=https://en.wikipedia.org/wiki/Talk:President_of_the_United_States%23Merger_of_Commander-in-Chief_of_the_United_States_Armed_Forces&num=0&owner=Vanamonde93,,,,,
2018-09-07 14:13:17,,,"",,edit_sum,69199,edit summary,1,1
2018-09-07 14:13:17,/summarize_comment,POST,"",http://wikum.org/visualization_flags?article=https://en.wikipedia.org/wiki/Talk:President_of_the_United_States%23Merger_of_Commander-in-Chief_of_the_United_States_Armed_Forces&num=0&owner=Vanamonde93,,,,,
2018-09-07 14:13:17,/log_data,GET,"data=close_summarize_one_modal",http://wikum.org/visualization_flags?article=https://en.wikipedia.org/wiki/Talk:President_of_the_United_States%23Merger_of_Commander-in-Chief_of_the_United_States_Armed_Forces&num=0&owner=Vanamonde93,,,,,
2018-09-07 14:13:19,/log_data,GET,"data=open_evaluate_summary_modal&did=69199",http://wikum.org/visualization_flags?article=https://en.wikipedia.org/wiki/Talk:President_of_the_United_States%23Merger_of_Commander-in-Chief_of_the_United_States_Armed_Forces&num=0&owner=Vanamonde93,,,,,
2018-09-07 14:13:43,,,"",,rate_comment,69199,Add Rating 5 (neutral), 5 (coverage), 5 (quality) to a comment,1,1
2018-09-07 14:13:43,/rate_summary,POST,"",http://wikum.org/visualization_flags?article=https://en.wikipedia.org/wiki/Talk:President_of_the_United_States%23Merger_of_Commander-in-Chief_of_the_United_States_Armed_Forces&num=0&owner=Vanamonde93,,,,,
2018-09-07 14:13:43,/log_data,GET,"data=close_evaluate_summary_modal",http://wikum.org/visualization_flags?article=https://en.wikipedia.org/wiki/Talk:President_of_the_United_States%23Merger_of_Commander-in-Chief_of_the_United_States_Armed_Forces&num=0&owner=Vanamonde93,,,,,
2018-09-07 14:14:04,/log_data,GET,"data=open_evaluate_summary_modal&did=69190",http://wikum.org/visualization_flags?article=https://en.wikipedia.org/wiki/Talk:President_of_the_United_States%23Merger_of_Commander-in-Chief_of_the_United_States_Armed_Forces&num=0&owner=Vanamonde93,,,,,
2018-09-07 14:14:08,,,"",,rate_comment,69190,Add Rating 4 (neutral), 4 (coverage), 4 (quality) to a comment,1,1
2018-09-07 14:14:08,/rate_summary,POST,"",http://wikum.org/visualization_flags?article=https://en.wikipedia.org/wiki/Talk:President_of_the_United_States%23Merger_of_Commander-in-Chief_of_the_United_States_Armed_Forces&num=0&owner=Vanamonde93,,,,,
2018-09-07 14:14:08,/log_data,GET,"data=close_evaluate_summary_modal",http://wikum.org/visualization_flags?article=https://en.wikipedia.org/wiki/Talk:President_of_the_United_States%23Merger_of_Commander-in-Chief_of_the_United_States_Armed_Forces&num=0&owner=Vanamonde93,,,,,
2018-09-07 14:14:17,/log_data,GET,"data=open_evaluate_summary_modal&did=69192",http://wikum.org/visualization_flags?article=https://en.wikipedia.org/wiki/Talk:President_of_the_United_States%23Merger_of_Commander-in-Chief_of_the_United_States_Armed_Forces&num=0&owner=Vanamonde93,,,,,
2018-09-07 14:14:25,,,"",,rate_comment,69192,Add Rating 4 (neutral), 4 (coverage), 4 (quality) to a comment,1,1
2018-09-07 14:14:25,/rate_summary,POST,"",http://wikum.org/visualization_flags?article=https://en.wikipedia.org/wiki/Talk:President_of_the_United_States%23Merger_of_Commander-in-Chief_of_the_United_States_Armed_Forces&num=0&owner=Vanamonde93,,,,,
2018-09-07 14:14:25,/log_data,GET,"data=close_evaluate_summary_modal",http://wikum.org/visualization_flags?article=https://en.wikipedia.org/wiki/Talk:President_of_the_United_States%23Merger_of_Commander-in-Chief_of_the_United_States_Armed_Forces&num=0&owner=Vanamonde93,,,,,
2018-09-11 16:45:15,/visualization_flags,GET,"article=https://en.wikipedia.org/wiki/Talk:President_of_the_United_States%23Merger_of_Commander-in-Chief_of_the_United_States_Armed_Forces&num=0&owner=Vanamonde93",None,,,,,
2018-09-11 16:45:16,/users,GET,"",http://wikum.org/visualization_flags?article=https://en.wikipedia.org/wiki/Talk:President_of_the_United_States%23Merger_of_Commander-in-Chief_of_the_United_States_Armed_Forces&num=0&owner=Vanamonde93,,,,,
2018-09-11 16:45:16,/viz_data,GET,"article=https://en.wikipedia.org/wiki/Talk:President_of_the_United_States%23Merger_of_Commander-in-Chief_of_the_United_States_Armed_Forces&sort=id&next=0&num=0&filter=&owner=Vanamonde93",http://wikum.org/visualization_flags?article=https://en.wikipedia.org/wiki/Talk:President_of_the_United_States%23Merger_of_Commander-in-Chief_of_the_United_States_Armed_Forces&num=0&owner=Vanamonde93,,,,,
2018-09-11 16:45:16,/tags_and_authors,GET,"article=https://en.wikipedia.org/wiki/Talk:President_of_the_United_States%23Merger_of_Commander-in-Chief_of_the_United_States_Armed_Forces&num=0&owner=Vanamonde93",http://wikum.org/visualization_flags?article=https://en.wikipedia.org/wiki/Talk:President_of_the_United_States%23Merger_of_Commander-in-Chief_of_the_United_States_Armed_Forces&num=0&owner=Vanamonde93,,,,,
2018-09-11 16:45:17,/get_stats,GET,"article=https://en.wikipedia.org/wiki/Talk:President_of_the_United_States%23Merger_of_Commander-in-Chief_of_the_United_States_Armed_Forces&num=0&owner=Vanamonde93",http://wikum.org/visualization_flags?article=https://en.wikipedia.org/wiki/Talk:President_of_the_United_States%23Merger_of_Commander-in-Chief_of_the_United_States_Armed_Forces&num=0&owner=Vanamonde93,,,,,
2018-09-11 18:45:46,,,"",,edit_sum,69214,edit summary,1,1
2018-09-11 18:45:46,/summarize_comment,POST,"",http://wikum.org/visualization_flags?article=https://en.wikipedia.org/wiki/Talk:President_of_the_United_States%23Merger_of_Commander-in-Chief_of_the_United_States_Armed_Forces&num=0&owner=Vanamonde93,,,,,
2018-09-11 18:45:46,/log_data,GET,"data=close_summarize_one_modal",http://wikum.org/visualization_flags?article=https://en.wikipedia.org/wiki/Talk:President_of_the_United_States%23Merger_of_Commander-in-Chief_of_the_United_States_Armed_Forces&num=0&owner=Vanamonde93,,,,,
2018-09-11 20:50:22,/log_data,GET,"data=open_summarize_one_modal&did=69215&type=summarize_one",http://wikum.org/visualization_flags?article=https://en.wikipedia.org/wiki/Talk:President_of_the_United_States%23Merger_of_Commander-in-Chief_of_the_United_States_Armed_Forces&num=0&owner=Vanamonde93,,,,,
2018-09-11 20:50:28,,,"",,edit_sum,69215,edit summary,1,1
2018-09-11 20:50:28,/summarize_comment,POST,"",http://wikum.org/visualization_flags?article=https://en.wikipedia.org/wiki/Talk:President_of_the_United_States%23Merger_of_Commander-in-Chief_of_the_United_States_Armed_Forces&num=0&owner=Vanamonde93,,,,,
2018-09-11 20:50:29,/log_data,GET,"data=close_summarize_one_modal",http://wikum.org/visualization_flags?article=https://en.wikipedia.org/wiki/Talk:President_of_the_United_States%23Merger_of_Commander-in-Chief_of_the_United_States_Armed_Forces&num=0&owner=Vanamonde93,,,,,
2018-09-11 20:50:37,/log_data,GET,"data=open_summarize_one_modal&did=69216&type=summarize_one",http://wikum.org/visualization_flags?article=https://en.wikipedia.org/wiki/Talk:President_of_the_United_States%23Merger_of_Commander-in-Chief_of_the_United_States_Armed_Forces&num=0&owner=Vanamonde93,,,,,
2018-09-11 20:50:44,,,"",,edit_sum,69216,edit summary,1,1
2018-09-11 20:50:44,/summarize_comment,POST,"",http://wikum.org/visualization_flags?article=https://en.wikipedia.org/wiki/Talk:President_of_the_United_States%23Merger_of_Commander-in-Chief_of_the_United_States_Armed_Forces&num=0&owner=Vanamonde93,,,,,
2018-09-11 20:50:44,/log_data,GET,"data=close_summarize_one_modal",http://wikum.org/visualization_flags?article=https://en.wikipedia.org/wiki/Talk:President_of_the_United_States%23Merger_of_Commander-in-Chief_of_the_United_States_Armed_Forces&num=0&owner=Vanamonde93,,,,,
2018-09-11 20:50:55,/log_data,GET,"data=open_summarize_one_modal&did=69217&type=summarize_one",http://wikum.org/visualization_flags?article=https://en.wikipedia.org/wiki/Talk:President_of_the_United_States%23Merger_of_Commander-in-Chief_of_the_United_States_Armed_Forces&num=0&owner=Vanamonde93,,,,,
2018-09-11 20:51:07,,,"",,edit_sum,69217,edit summary,1,1
2018-09-11 20:51:07,/summarize_comment,POST,"",http://wikum.org/visualization_flags?article=https://en.wikipedia.org/wiki/Talk:President_of_the_United_States%23Merger_of_Commander-in-Chief_of_the_United_States_Armed_Forces&num=0&owner=Vanamonde93,,,,,
2018-09-11 20:51:07,/log_data,GET,"data=close_summarize_one_modal",http://wikum.org/visualization_flags?article=https://en.wikipedia.org/wiki/Talk:President_of_the_United_States%23Merger_of_Commander-in-Chief_of_the_United_States_Armed_Forces&num=0&owner=Vanamonde93,,,,,
2018-09-11 20:51:13,/tags,GET,"article=https://en.wikipedia.org/wiki/Talk:President_of_the_United_States%23Merger_of_Commander-in-Chief_of_the_United_States_Armed_Forces&num=0&owner=Vanamonde93",http://wikum.org/visualization_flags?article=https://en.wikipedia.org/wiki/Talk:President_of_the_United_States%23Merger_of_Commander-in-Chief_of_the_United_States_Armed_Forces&num=0&owner=Vanamonde93,,,,,
2018-09-11 20:51:13,/log_data,GET,"data=open_tag_modal&did=69218&type=tag_one",http://wikum.org/visualization_flags?article=https://en.wikipedia.org/wiki/Talk:President_of_the_United_States%23Merger_of_Commander-in-Chief_of_the_United_States_Armed_Forces&num=0&owner=Vanamonde93,,,,,
2018-09-11 20:51:13,/suggested_tags,POST,"",http://wikum.org/visualization_flags?article=https://en.wikipedia.org/wiki/Talk:President_of_the_United_States%23Merger_of_Commander-in-Chief_of_the_United_States_Armed_Forces&num=0&owner=Vanamonde93,,,,,
2018-09-11 20:51:22,/author_info,GET,"username=Thewolfchild&article=https%3A%2F%2Fen.wikipedia.org%2Fwiki%2FTalk%3APresident_of_the_United_States%2523Merger_of_Commander-in-Chief_of_the_United_States_Armed_Forces&num=0&owner=Vanamonde93",http://wikum.org/visualization_flags?article=https://en.wikipedia.org/wiki/Talk:President_of_the_United_States%23Merger_of_Commander-in-Chief_of_the_United_States_Armed_Forces&num=0&owner=Vanamonde93,,,,,
2018-09-11 20:51:23,/author_info,GET,"username=Thewolfchild&article=https%3A%2F%2Fen.wikipedia.org%2Fwiki%2FTalk%3APresident_of_the_United_States%2523Merger_of_Commander-in-Chief_of_the_United_States_Armed_Forces&num=0&owner=Vanamonde93",http://wikum.org/visualization_flags?article=https://en.wikipedia.org/wiki/Talk:President_of_the_United_States%23Merger_of_Commander-in-Chief_of_the_United_States_Armed_Forces&num=0&owner=Vanamonde93,,,,,
2018-09-11 20:51:23,/author_info,GET,"username=Thewolfchild&article=https%3A%2F%2Fen.wikipedia.org%2Fwiki%2FTalk%3APresident_of_the_United_States%2523Merger_of_Commander-in-Chief_of_the_United_States_Armed_Forces&num=0&owner=Vanamonde93",http://wikum.org/visualization_flags?article=https://en.wikipedia.org/wiki/Talk:President_of_the_United_States%23Merger_of_Commander-in-Chief_of_the_United_States_Armed_Forces&num=0&owner=Vanamonde93,,,,,
2018-09-11 20:51:23,/author_info,GET,"username=Thewolfchild&article=https%3A%2F%2Fen.wikipedia.org%2Fwiki%2FTalk%3APresident_of_the_United_States%2523Merger_of_Commander-in-Chief_of_the_United_States_Armed_Forces&num=0&owner=Vanamonde93",http://wikum.org/visualization_flags?article=https://en.wikipedia.org/wiki/Talk:President_of_the_United_States%23Merger_of_Commander-in-Chief_of_the_United_States_Armed_Forces&num=0&owner=Vanamonde93,,,,,
2018-09-11 20:51:23,/author_info,GET,"username=Thewolfchild&article=https%3A%2F%2Fen.wikipedia.org%2Fwiki%2FTalk%3APresident_of_the_United_States%2523Merger_of_Commander-in-Chief_of_the_United_States_Armed_Forces&num=0&owner=Vanamonde93",http://wikum.org/visualization_flags?article=https://en.wikipedia.org/wiki/Talk:President_of_the_United_States%23Merger_of_Commander-in-Chief_of_the_United_States_Armed_Forces&num=0&owner=Vanamonde93,,,,,
2018-09-11 20:51:28,/log_data,GET,"data=open_summarize_one_modal&did=69220&type=summarize_one",http://wikum.org/visualization_flags?article=https://en.wikipedia.org/wiki/Talk:President_of_the_United_States%23Merger_of_Commander-in-Chief_of_the_United_States_Armed_Forces&num=0&owner=Vanamonde93,,,,,
2018-09-11 20:51:31,/log_data,GET,"data=close_summarize_one_modal",http://wikum.org/visualization_flags?article=https://en.wikipedia.org/wiki/Talk:President_of_the_United_States%23Merger_of_Commander-in-Chief_of_the_United_States_Armed_Forces&num=0&owner=Vanamonde93,,,,,
2018-09-11 20:51:38,/log_data,GET,"data=open_summarize_one_modal&did=69220&type=summarize_one",http://wikum.org/visualization_flags?article=https://en.wikipedia.org/wiki/Talk:President_of_the_United_States%23Merger_of_Commander-in-Chief_of_the_United_States_Armed_Forces&num=0&owner=Vanamonde93,,,,,
2018-09-11 20:51:49,/summarize_comment,POST,"",http://wikum.org/visualization_flags?article=https://en.wikipedia.org/wiki/Talk:President_of_the_United_States%23Merger_of_Commander-in-Chief_of_the_United_States_Armed_Forces&num=0&owner=Vanamonde93,,,,,
2018-09-11 20:51:50,,,"",,edit_sum,69220,edit summary,1,1
2018-09-11 20:51:50,/log_data,GET,"data=close_summarize_one_modal",http://wikum.org/visualization_flags?article=https://en.wikipedia.org/wiki/Talk:President_of_the_United_States%23Merger_of_Commander-in-Chief_of_the_United_States_Armed_Forces&num=0&owner=Vanamonde93,,,,,
2018-09-11 20:52:02,/log_data,GET,"data=open_summarize_one_modal&did=69221&type=summarize_one",http://wikum.org/visualization_flags?article=https://en.wikipedia.org/wiki/Talk:President_of_the_United_States%23Merger_of_Commander-in-Chief_of_the_United_States_Armed_Forces&num=0&owner=Vanamonde93,,,,,
2018-09-11 20:52:22,/summarize_comment,POST,"",http://wikum.org/visualization_flags?article=https://en.wikipedia.org/wiki/Talk:President_of_the_United_States%23Merger_of_Commander-in-Chief_of_the_United_States_Armed_Forces&num=0&owner=Vanamonde93,,,,,
2018-09-11 20:52:23,,,"",,edit_sum,69221,edit summary,1,1
2018-09-11 20:52:23,/log_data,GET,"data=close_summarize_one_modal",http://wikum.org/visualization_flags?article=https://en.wikipedia.org/wiki/Talk:President_of_the_United_States%23Merger_of_Commander-in-Chief_of_the_United_States_Armed_Forces&num=0&owner=Vanamonde93,,,,,
2018-09-11 20:52:47,/log_data,GET,"data=open_summarize_one_modal&did=69222&type=summarize_one",http://wikum.org/visualization_flags?article=https://en.wikipedia.org/wiki/Talk:President_of_the_United_States%23Merger_of_Commander-in-Chief_of_the_United_States_Armed_Forces&num=0&owner=Vanamonde93,,,,,
2018-09-11 20:53:02,/summarize_comment,POST,"",http://wikum.org/visualization_flags?article=https://en.wikipedia.org/wiki/Talk:President_of_the_United_States%23Merger_of_Commander-in-Chief_of_the_United_States_Armed_Forces&num=0&owner=Vanamonde93,,,,,
2018-09-11 20:53:03,,,"",,edit_sum,69222,edit summary,1,1
2018-09-11 20:53:03,/log_data,GET,"data=close_summarize_one_modal",http://wikum.org/visualization_flags?article=https://en.wikipedia.org/wiki/Talk:President_of_the_United_States%23Merger_of_Commander-in-Chief_of_the_United_States_Armed_Forces&num=0&owner=Vanamonde93,,,,,
2018-09-11 20:53:07,/log_data,GET,"data=open_summarize_one_modal&did=69223&type=summarize_one",http://wikum.org/visualization_flags?article=https://en.wikipedia.org/wiki/Talk:President_of_the_United_States%23Merger_of_Commander-in-Chief_of_the_United_States_Armed_Forces&num=0&owner=Vanamonde93,,,,,
2018-09-11 20:53:12,,,"",,edit_sum,69223,edit summary,1,1
2018-09-11 20:53:12,/summarize_comment,POST,"",http://wikum.org/visualization_flags?article=https://en.wikipedia.org/wiki/Talk:President_of_the_United_States%23Merger_of_Commander-in-Chief_of_the_United_States_Armed_Forces&num=0&owner=Vanamonde93,,,,,
2018-09-11 20:53:12,/log_data,GET,"data=close_summarize_one_modal",http://wikum.org/visualization_flags?article=https://en.wikipedia.org/wiki/Talk:President_of_the_United_States%23Merger_of_Commander-in-Chief_of_the_United_States_Armed_Forces&num=0&owner=Vanamonde93,,,,,
2018-09-11 20:53:18,/log_data,GET,"data=open_summarize_one_modal&did=69224&type=summarize_one",http://wikum.org/visualization_flags?article=https://en.wikipedia.org/wiki/Talk:President_of_the_United_States%23Merger_of_Commander-in-Chief_of_the_United_States_Armed_Forces&num=0&owner=Vanamonde93,,,,,
2018-09-11 20:53:23,/log_data,GET,"data=close_summarize_one_modal",http://wikum.org/visualization_flags?article=https://en.wikipedia.org/wiki/Talk:President_of_the_United_States%23Merger_of_Commander-in-Chief_of_the_United_States_Armed_Forces&num=0&owner=Vanamonde93,,,,,
2018-09-11 20:53:28,/log_data,GET,"data=open_summarize_one_modal&did=69224&type=summarize_one",http://wikum.org/visualization_flags?article=https://en.wikipedia.org/wiki/Talk:President_of_the_United_States%23Merger_of_Commander-in-Chief_of_the_United_States_Armed_Forces&num=0&owner=Vanamonde93,,,,,
2018-09-11 20:53:32,,,"",,edit_sum,69224,edit summary,1,1
2018-09-11 20:53:32,/summarize_comment,POST,"",http://wikum.org/visualization_flags?article=https://en.wikipedia.org/wiki/Talk:President_of_the_United_States%23Merger_of_Commander-in-Chief_of_the_United_States_Armed_Forces&num=0&owner=Vanamonde93,,,,,
2018-09-11 20:53:32,/log_data,GET,"data=close_summarize_one_modal",http://wikum.org/visualization_flags?article=https://en.wikipedia.org/wiki/Talk:President_of_the_United_States%23Merger_of_Commander-in-Chief_of_the_United_States_Armed_Forces&num=0&owner=Vanamonde93,,,,,
2018-09-11 20:54:11,/log_data,GET,"data=open_hide_comment_modal&did=69228&type=hide_comment",http://wikum.org/visualization_flags?article=https://en.wikipedia.org/wiki/Talk:President_of_the_United_States%23Merger_of_Commander-in-Chief_of_the_United_States_Armed_Forces&num=0&owner=Vanamonde93,,,,,
2018-09-11 20:54:17,,,"",,hide_comment,69228,tangential,1,1
2018-09-11 20:54:17,/hide_comment,POST,"",http://wikum.org/visualization_flags?article=https://en.wikipedia.org/wiki/Talk:President_of_the_United_States%23Merger_of_Commander-in-Chief_of_the_United_States_Armed_Forces&num=0&owner=Vanamonde93,,,,,
2018-09-11 20:54:17,/log_data,GET,"data=close_hide_comment_modal",http://wikum.org/visualization_flags?article=https://en.wikipedia.org/wiki/Talk:President_of_the_United_States%23Merger_of_Commander-in-Chief_of_the_United_States_Armed_Forces&num=0&owner=Vanamonde93,,,,,
2018-09-11 20:54:27,/log_data,GET,"data=open_summarize_one_modal&did=69227&type=summarize_one",http://wikum.org/visualization_flags?article=https://en.wikipedia.org/wiki/Talk:President_of_the_United_States%23Merger_of_Commander-in-Chief_of_the_United_States_Armed_Forces&num=0&owner=Vanamonde93,,,,,
2018-09-11 20:54:31,,,"",,edit_sum,69227,edit summary,1,1
2018-09-11 20:54:31,/summarize_comment,POST,"",http://wikum.org/visualization_flags?article=https://en.wikipedia.org/wiki/Talk:President_of_the_United_States%23Merger_of_Commander-in-Chief_of_the_United_States_Armed_Forces&num=0&owner=Vanamonde93,,,,,
2018-09-11 20:54:31,/log_data,GET,"data=close_summarize_one_modal",http://wikum.org/visualization_flags?article=https://en.wikipedia.org/wiki/Talk:President_of_the_United_States%23Merger_of_Commander-in-Chief_of_the_United_States_Armed_Forces&num=0&owner=Vanamonde93,,,,,
2018-09-11 20:54:34,/log_data,GET,"data=open_summarize_one_modal&did=69226&type=summarize_one",http://wikum.org/visualization_flags?article=https://en.wikipedia.org/wiki/Talk:President_of_the_United_States%23Merger_of_Commander-in-Chief_of_the_United_States_Armed_Forces&num=0&owner=Vanamonde93,,,,,
2018-09-11 20:54:38,,,"",,edit_sum,69226,edit summary,1,1
2018-09-11 20:54:38,/summarize_comment,POST,"",http://wikum.org/visualization_flags?article=https://en.wikipedia.org/wiki/Talk:President_of_the_United_States%23Merger_of_Commander-in-Chief_of_the_United_States_Armed_Forces&num=0&owner=Vanamonde93,,,,,
2018-09-11 20:54:38,/log_data,GET,"data=close_summarize_one_modal",http://wikum.org/visualization_flags?article=https://en.wikipedia.org/wiki/Talk:President_of_the_United_States%23Merger_of_Commander-in-Chief_of_the_United_States_Armed_Forces&num=0&owner=Vanamonde93,,,,,
2018-09-11 20:54:44,/log_data,GET,"data=open_summarize_one_modal&did=69225&type=summarize_one",http://wikum.org/visualization_flags?article=https://en.wikipedia.org/wiki/Talk:President_of_the_United_States%23Merger_of_Commander-in-Chief_of_the_United_States_Armed_Forces&num=0&owner=Vanamonde93,,,,,
2018-09-11 20:54:49,/summarize_comment,POST,"",http://wikum.org/visualization_flags?article=https://en.wikipedia.org/wiki/Talk:President_of_the_United_States%23Merger_of_Commander-in-Chief_of_the_United_States_Armed_Forces&num=0&owner=Vanamonde93,,,,,
2018-09-11 20:54:50,,,"",,edit_sum,69225,edit summary,1,1
2018-09-11 20:54:50,/log_data,GET,"data=close_summarize_one_modal",http://wikum.org/visualization_flags?article=https://en.wikipedia.org/wiki/Talk:President_of_the_United_States%23Merger_of_Commander-in-Chief_of_the_United_States_Armed_Forces&num=0&owner=Vanamonde93,,,,,
2018-09-11 20:54:57,/log_data,GET,"data=open_summarize_one_modal&did=69229&type=summarize_one",http://wikum.org/visualization_flags?article=https://en.wikipedia.org/wiki/Talk:President_of_the_United_States%23Merger_of_Commander-in-Chief_of_the_United_States_Armed_Forces&num=0&owner=Vanamonde93,,,,,
2018-09-11 20:55:14,,,"",,edit_sum,69229,edit summary,1,1
2018-09-11 20:55:14,/summarize_comment,POST,"",http://wikum.org/visualization_flags?article=https://en.wikipedia.org/wiki/Talk:President_of_the_United_States%23Merger_of_Commander-in-Chief_of_the_United_States_Armed_Forces&num=0&owner=Vanamonde93,,,,,
2018-09-11 20:55:14,/log_data,GET,"data=close_summarize_one_modal",http://wikum.org/visualization_flags?article=https://en.wikipedia.org/wiki/Talk:President_of_the_United_States%23Merger_of_Commander-in-Chief_of_the_United_States_Armed_Forces&num=0&owner=Vanamonde93,,,,,
2018-09-11 20:55:42,/log_data,GET,"data=open_summarize_one_modal&did=69230&type=summarize_one",http://wikum.org/visualization_flags?article=https://en.wikipedia.org/wiki/Talk:President_of_the_United_States%23Merger_of_Commander-in-Chief_of_the_United_States_Armed_Forces&num=0&owner=Vanamonde93,,,,,
2018-09-11 20:56:04,,,"",,edit_sum,69230,edit summary,1,1
2018-09-11 20:56:04,/summarize_comment,POST,"",http://wikum.org/visualization_flags?article=https://en.wikipedia.org/wiki/Talk:President_of_the_United_States%23Merger_of_Commander-in-Chief_of_the_United_States_Armed_Forces&num=0&owner=Vanamonde93,,,,,
2018-09-11 20:56:04,/log_data,GET,"data=close_summarize_one_modal",http://wikum.org/visualization_flags?article=https://en.wikipedia.org/wiki/Talk:President_of_the_United_States%23Merger_of_Commander-in-Chief_of_the_United_States_Armed_Forces&num=0&owner=Vanamonde93,,,,,
2018-09-11 20:56:40,/log_data,GET,"data=open_summarize_one_modal&did=69231&type=summarize_one",http://wikum.org/visualization_flags?article=https://en.wikipedia.org/wiki/Talk:President_of_the_United_States%23Merger_of_Commander-in-Chief_of_the_United_States_Armed_Forces&num=0&owner=Vanamonde93,,,,,
2018-09-11 20:56:48,,,"",,edit_sum,69231,edit summary,1,1
2018-09-11 20:56:48,/summarize_comment,POST,"",http://wikum.org/visualization_flags?article=https://en.wikipedia.org/wiki/Talk:President_of_the_United_States%23Merger_of_Commander-in-Chief_of_the_United_States_Armed_Forces&num=0&owner=Vanamonde93,,,,,
2018-09-11 20:56:48,/log_data,GET,"data=close_summarize_one_modal",http://wikum.org/visualization_flags?article=https://en.wikipedia.org/wiki/Talk:President_of_the_United_States%23Merger_of_Commander-in-Chief_of_the_United_States_Armed_Forces&num=0&owner=Vanamonde93,,,,,
2018-09-11 20:56:54,/log_data,GET,"data=open_summarize_one_modal&did=69232&type=summarize_one",http://wikum.org/visualization_flags?article=https://en.wikipedia.org/wiki/Talk:President_of_the_United_States%23Merger_of_Commander-in-Chief_of_the_United_States_Armed_Forces&num=0&owner=Vanamonde93,,,,,
2018-09-11 20:57:02,,,"",,edit_sum,69232,edit summary,1,1
2018-09-11 20:57:02,/summarize_comment,POST,"",http://wikum.org/visualization_flags?article=https://en.wikipedia.org/wiki/Talk:President_of_the_United_States%23Merger_of_Commander-in-Chief_of_the_United_States_Armed_Forces&num=0&owner=Vanamonde93,,,,,
2018-09-11 20:57:02,/log_data,GET,"data=close_summarize_one_modal",http://wikum.org/visualization_flags?article=https://en.wikipedia.org/wiki/Talk:President_of_the_United_States%23Merger_of_Commander-in-Chief_of_the_United_States_Armed_Forces&num=0&owner=Vanamonde93,,,,,
2018-09-11 21:01:18,/log_data,GET,"data=open_summarize_one_modal&did=69233&type=summarize_one",http://wikum.org/visualization_flags?article=https://en.wikipedia.org/wiki/Talk:President_of_the_United_States%23Merger_of_Commander-in-Chief_of_the_United_States_Armed_Forces&num=0&owner=Vanamonde93,,,,,
2018-09-11 21:01:34,,,"",,edit_sum,69233,edit summary,1,1
2018-09-11 21:01:34,/summarize_comment,POST,"",http://wikum.org/visualization_flags?article=https://en.wikipedia.org/wiki/Talk:President_of_the_United_States%23Merger_of_Commander-in-Chief_of_the_United_States_Armed_Forces&num=0&owner=Vanamonde93,,,,,
2018-09-11 21:01:34,/log_data,GET,"data=close_summarize_one_modal",http://wikum.org/visualization_flags?article=https://en.wikipedia.org/wiki/Talk:President_of_the_United_States%23Merger_of_Commander-in-Chief_of_the_United_States_Armed_Forces&num=0&owner=Vanamonde93,,,,,
2018-09-11 21:01:38,/log_data,GET,"data=open_summarize_one_modal&did=69234&type=summarize_one",http://wikum.org/visualization_flags?article=https://en.wikipedia.org/wiki/Talk:President_of_the_United_States%23Merger_of_Commander-in-Chief_of_the_United_States_Armed_Forces&num=0&owner=Vanamonde93,,,,,
2018-09-11 21:01:44,/summarize_comment,POST,"",http://wikum.org/visualization_flags?article=https://en.wikipedia.org/wiki/Talk:President_of_the_United_States%23Merger_of_Commander-in-Chief_of_the_United_States_Armed_Forces&num=0&owner=Vanamonde93,,,,,
2018-09-11 21:01:45,,,"",,edit_sum,69234,edit summary,1,1
2018-09-11 21:01:45,/log_data,GET,"data=close_summarize_one_modal",http://wikum.org/visualization_flags?article=https://en.wikipedia.org/wiki/Talk:President_of_the_United_States%23Merger_of_Commander-in-Chief_of_the_United_States_Armed_Forces&num=0&owner=Vanamonde93,,,,,
2018-09-11 21:01:53,/log_data,GET,"data=open_hide_comment_modal&did=69235&type=hide_replies",http://wikum.org/visualization_flags?article=https://en.wikipedia.org/wiki/Talk:President_of_the_United_States%23Merger_of_Commander-in-Chief_of_the_United_States_Armed_Forces&num=0&owner=Vanamonde93,,,,,
2018-09-11 21:02:01,/hide_replies,POST,"",http://wikum.org/visualization_flags?article=https://en.wikipedia.org/wiki/Talk:President_of_the_United_States%23Merger_of_Commander-in-Chief_of_the_United_States_Armed_Forces&num=0&owner=Vanamonde93,,,,,
2018-09-11 21:02:02,,,"",,hide_replies,69236,irrelevant,1,1
2018-09-11 21:02:02,/log_data,GET,"data=close_hide_comment_modal",http://wikum.org/visualization_flags?article=https://en.wikipedia.org/wiki/Talk:President_of_the_United_States%23Merger_of_Commander-in-Chief_of_the_United_States_Armed_Forces&num=0&owner=Vanamonde93,,,,,
2018-09-11 21:02:17,/log_data,GET,"data=open_summarize_one_modal&did=69237&type=summarize_one",http://wikum.org/visualization_flags?article=https://en.wikipedia.org/wiki/Talk:President_of_the_United_States%23Merger_of_Commander-in-Chief_of_the_United_States_Armed_Forces&num=0&owner=Vanamonde93,,,,,
2018-09-11 21:02:27,,,"",,edit_sum,69237,edit summary,1,1
2018-09-11 21:02:27,/summarize_comment,POST,"",http://wikum.org/visualization_flags?article=https://en.wikipedia.org/wiki/Talk:President_of_the_United_States%23Merger_of_Commander-in-Chief_of_the_United_States_Armed_Forces&num=0&owner=Vanamonde93,,,,,
2018-09-11 21:02:27,/log_data,GET,"data=close_summarize_one_modal",http://wikum.org/visualization_flags?article=https://en.wikipedia.org/wiki/Talk:President_of_the_United_States%23Merger_of_Commander-in-Chief_of_the_United_States_Armed_Forces&num=0&owner=Vanamonde93,,,,,
2018-09-11 21:02:31,/log_data,GET,"data=open_summarize_one_modal&did=69238&type=summarize_one",http://wikum.org/visualization_flags?article=https://en.wikipedia.org/wiki/Talk:President_of_the_United_States%23Merger_of_Commander-in-Chief_of_the_United_States_Armed_Forces&num=0&owner=Vanamonde93,,,,,
2018-09-11 21:07:50,,,"",,edit_sum,69238,edit summary,1,1
2018-09-11 21:07:50,/summarize_comment,POST,"",http://wikum.org/visualization_flags?article=https://en.wikipedia.org/wiki/Talk:President_of_the_United_States%23Merger_of_Commander-in-Chief_of_the_United_States_Armed_Forces&num=0&owner=Vanamonde93,,,,,
2018-09-11 21:07:50,/log_data,GET,"data=close_summarize_one_modal",http://wikum.org/visualization_flags?article=https://en.wikipedia.org/wiki/Talk:President_of_the_United_States%23Merger_of_Commander-in-Chief_of_the_United_States_Armed_Forces&num=0&owner=Vanamonde93,,,,,
